{
  "ph": {
    "mean": 7.080794504276762,
    "std": 1.4697316004688004
  },
  "Hardness": {
    "mean": 196.36949601730177,
    "std": 32.87474281466435
  },
  "Solids": {
    "mean": 22014.09252607711,
    "std": 8767.232421179984
  },
  "Chloramines": {
    "mean": 7.122276793425787,
    "std": 1.5828432520255513
  },
  "Sulfate": {
    "mean": 333.7757766108146,
    "std": 36.13709547361654
  },
  "Conductivity": {
    "mean": 426.2051106825521,
    "std": 80.81172732448098
  },
  "Organic_carbon": {
    "mean": 14.284970247677341,
    "std": 3.3076570518600765
  },
  "Trihalomethanes": {
    "mean": 66.39629294676797,
    "std": 15.767474208475877
  },
  "Turbidity": {
    "mean": 3.9667861697910576,
    "std": 0.7802632934105386
  }
}
